"","X","U","V","SNP_A10398G","SNP_PGC1a"
"1",66,65,73,"A","A"
"2",84,78,86,"G","AG"
"3",64,63,71,"A","AG"
"4",72,70,78,"G","AG"
"5",77,74,82,"A","G"
"6",76,71,79,"A","G"
"7",79,74,82,"A","AG"
"8",72,70,78,"G","G"
"9",66,65,73,"A","AG"
"10",70,70,78,"A","G"
"11",77,73,81,"G","G"
"12",77,72,80,"A","G"
"13",66,66,74,"A","G"
"14",83,80,88,"A","AG"
"15",78,72,80,"A","A"
"16",65,64,72,"A","G"
"17",69,69,77,"A","AG"
"18",75,68,76,"A","G"
"19",75,75,83,"G","AG"
"20",67,65,73,"G","G"
"21",72,71,79,"A","G"
"22",76,71,79,"A","G"
"23",71,70,78,"A","G"
"24",78,71,79,"A","AG"
"25",77,74,82,"A","AG"
"26",80,74,82,"A","AG"
"27",70,68,76,"A","AG"
"28",72,72,80,"G","A"
"29",81,75,83,"A","G"
"30",78,72,80,"A","G"
"31",84,76,84,"A","AG"
"32",75,75,83,"G","A"
"33",70,70,78,"A","G"
"34",76,69,77,"A","AG"
"35",87,79,87,"A","AG"
"36",70,68,76,"A","G"
"37",65,64,72,"G","G"
"38",80,76,84,"G","G"
"39",67,65,73,"A","A"
"40",63,63,71,"A","AG"
"41",69,68,76,"A","G"
"42",81,73,81,"A","G"
"43",77,71,79,"A","G"
"44",67,67,75,"A","G"
"45",77,71,79,"A","A"
"46",84,78,86,"A","G"
"47",74,70,78,"G","G"
"48",74,72,80,"A","G"
"49",75,70,78,"G","G"
"50",69,67,75,"A","G"
"51",79,74,82,"G","G"
"52",79,75,83,"G","G"
"53",77,74,82,"A","AG"
"54",76,70,78,"G","G"
"55",79,77,85,"A","A"
"56",84,79,87,"A","G"
"57",75,68,76,"A","G"
"58",81,74,82,"G","AG"
"59",85,82,90,"A","G"
"60",78,75,83,"A","AG"
"61",80,75,83,"G","AG"
"62",76,74,82,"G","G"
"63",74,74,82,"G","G"
"64",77,73,81,"A","AG"
"65",76,73,81,"A","AG"
"66",77,71,79,"A","G"
"67",85,78,86,"A","G"
"68",81,78,86,"A","AG"
"69",77,71,79,"A","G"
"70",79,76,84,"G","AG"
"71",76,71,79,"A","AG"
"72",78,76,84,"A","AG"
"73",80,74,82,"A","AG"
"74",77,76,84,"G","G"
"75",67,65,73,"A","G"
"76",80,75,83,"A","G"
"77",76,72,80,"G","AG"
"78",75,73,81,"A","A"
"79",81,77,85,"G","G"
"80",80,76,84,"A","AG"
"81",68,68,76,"G","G"
"82",67,67,75,"A","G"
"83",86,79,87,"A","AG"
"84",70,70,78,"A","G"
"85",77,72,80,"A","AG"
"86",75,73,81,"A","AG"
"87",80,77,85,"A","G"
"88",84,76,84,"A","AG"
"89",67,65,73,"A","G"
"90",77,77,85,"A","AG"
"91",65,64,72,"A","G"
"92",67,66,74,"G","G"
"93",71,71,79,"G","A"
"94",82,74,82,"G","G"
"95",64,64,72,"A","AG"
"96",80,74,82,"A","G"
"97",75,73,81,"A","G"
"98",77,71,79,"A","AG"
"99",64,63,71,"A","AG"
"100",80,77,85,"A","A"
